No;Filename;Area;Centroid1;Centroid2;MajorAxisLength;MinorAxisLength;CircularShapeFactor;ElongationA;ElongationB;Roundness;Convex Defficiency;Eccentricity;Perimeter;MeanIntensity;MinIntensity;MaxIntensity
1;F-11240-x40-02.tif;1712;179.956776;115.163551;32.456459;69.545401;1.393884;2.142729;0.466695;0.450689;118.000000;0.884419;173.169000;158.652453;107;220
2;F-11240-x40-02.tif;802;191.658354;206.129676;28.996605;35.355075;0.969626;1.219283;0.820154;0.816923;14.000000;0.572143;98.854000;143.640898;39;224
3;F-11240-x40-02.tif;1033;272.183930;459.298161;31.306427;42.855695;1.150827;1.368910;0.730508;0.716132;68.000000;0.682904;122.225000;156.929332;90;230
4;F-11240-x40-02.tif;743;294.907133;534.457604;28.031645;33.850117;0.964916;1.207568;0.828111;0.825617;14.000000;0.560565;94.917000;142.353970;41;229
5;F-11240-x40-02.tif;681;302.552129;456.837004;25.136926;40.003246;1.488491;1.591414;0.628372;0.541835;114.000000;0.777913;112.863000;139.446402;33;229
6;F-11240-x40-02.tif;1138;314.919156;406.089631;30.499580;47.729596;1.045071;1.564926;0.639008;0.636029;28.000000;0.769200;122.250000;164.739016;99;227
7;F-11240-x40-02.tif;855;334.681871;343.997661;29.739359;36.804338;0.974570;1.237563;0.808040;0.803671;11.000000;0.589128;102.328000;147.644444;95;227
8;F-11240-x40-02.tif;615;338.203252;723.801626;23.331363;33.670365;0.980556;1.443138;0.692935;0.690700;6.000000;0.721000;87.052000;140.573984;84;228
9;F-11240-x40-02.tif;824;339.973301;382.540049;29.360576;35.916351;0.987500;1.223285;0.817471;0.813304;17.000000;0.575970;101.120000;142.412621;89;228
10;F-11240-x40-02.tif;984;401.779472;476.153455;26.411866;56.043159;1.661590;2.121893;0.471277;0.398896;232.000000;0.881985;143.339000;134.457317;22;226
11;F-11240-x40-02.tif;984;418.792683;101.346545;26.332445;48.757669;1.233451;1.851620;0.540068;0.527011;38.000000;0.841622;123.499000;153.086382;65;231
12;F-11240-x40-02.tif;634;431.287066;505.383281;27.318701;29.838976;1.004296;1.092255;0.915537;0.906633;21.000000;0.402233;89.450000;177.563091;145;218
13;F-11240-x40-02.tif;638;558.811912;49.893417;26.276517;30.986541;0.953848;1.179248;0.847998;0.846028;14.000000;0.530000;87.449000;131.296238;30;227
14;F-11240-x40-02.tif;1050;601.979048;466.670476;32.731669;40.992706;1.022232;1.252387;0.798475;0.795584;29.000000;0.602027;116.138000;162.377143;108;227
15;F-11240-x40-02.tif;3395;655.952872;401.935199;51.221808;93.174352;1.511956;1.819037;0.549742;0.497917;479.000000;0.835335;253.977000;156.673343;75;223
16;F-11240-x40-02.tif;797;665.685069;352.440402;26.825321;38.352584;1.096260;1.429716;0.699440;0.689889;44.000000;0.714692;104.783000;146.104141;75;212
17;F-11240-x40-02.tif;847;676.149941;462.286895;29.984960;36.305517;1.028299;1.210791;0.825906;0.818179;33.000000;0.563807;104.618000;149.619835;37;225
18;F-11240-x40-02.tif;807;681.147460;514.939281;21.805674;51.729078;1.497562;2.372276;0.421536;0.383985;79.000000;0.906812;123.235000;153.354399;107;229
19;F-11240-x40-02.tif;1059;700.843248;350.811143;34.312664;40.180192;1.056580;1.171002;0.853970;0.835184;44.000000;0.520323;118.578000;128.788480;93;206
20;F-11240-x40-02.tif;901;700.520533;483.824639;30.576555;37.795718;1.006207;1.236101;0.808995;0.803063;22.000000;0.587815;106.736000;151.234184;92;224
21;F-11240-x40-02.tif;1669;719.251049;383.026363;37.211121;57.723930;1.125433;1.551255;0.644639;0.637756;69.000000;0.764487;153.636000;141.305572;85;217
22;F-11240-x40-02.tif;1273;714.245090;159.243519;34.871884;46.891410;1.149104;1.344677;0.743673;0.737143;64.000000;0.668543;135.581000;166.677141;111;224
23;F-11240-x40-02.tif;1556;724.190231;571.079049;34.728405;60.248223;1.296461;1.734840;0.576422;0.545797;137.000000;0.817152;159.217000;132.654884;44;228
24;F-11240-x40-02.tif;865;728.871676;429.922543;28.530042;39.704770;1.111526;1.391683;0.718555;0.698620;61.000000;0.695471;109.919000;146.354913;96;224
25;F-11240-x40-02.tif;1008;739.311508;492.221230;34.761317;37.088880;0.970275;1.066958;0.937244;0.933003;22.000000;0.348675;110.862000;155.897817;102;227
26;F-11240-x40-02.tif;607;738.897858;199.230643;24.350342;31.868724;0.965738;1.308759;0.764083;0.760973;12.000000;0.645118;85.828000;132.172982;66;229
27;F-11240-x40-02.tif;785;742.696815;531.388535;26.586422;37.782601;1.010282;1.421124;0.703668;0.700158;18.000000;0.710529;99.830000;140.400000;84;230
28;F-11240-x40-02.tif;1327;755.751319;292.598342;40.734629;41.700261;1.035609;1.023705;0.976843;0.971636;58.000000;0.213955;131.413000;125.599096;73;204
29;F-11240-x40-02.tif;1143;756.140857;420.057743;34.947489;42.502055;1.060442;1.216169;0.822254;0.805632;65.000000;0.569121;123.416000;159.050744;103;218
30;F-11240-x40-02.tif;875;787.756571;282.289143;28.440809;40.543333;1.252671;1.425534;0.701492;0.677765;85.000000;0.712678;117.362000;137.614857;87;208
31;F-11240-x40-02.tif;1193;813.111484;426.347024;35.899093;42.477712;0.988541;1.183253;0.845128;0.841838;23.000000;0.534564;121.737000;157.700754;125;200
32;F-11240-x40-02.tif;819;825.195360;514.760684;30.562998;60.018435;2.992988;1.963761;0.509227;0.289484;550.000000;0.860632;175.509000;166.371184;102;225
33;F-11240-x40-02.tif;1002;842.636727;387.996008;33.822857;38.118347;1.006912;1.127000;0.887312;0.878031;30.000000;0.461170;112.599000;141.664671;101;203
34;F-11240-x40-02.tif;1918;851.029197;341.681960;39.887903;62.382555;1.255612;1.563947;0.639408;0.627527;138.000000;0.768868;173.963000;129.387383;83;230
35;F-11240-x40-02.tif;1088;863.546875;410.062500;28.623846;51.696601;1.309638;1.806068;0.553689;0.518340;117.000000;0.832723;133.812000;127.937500;88;212
36;F-11240-x40-02.tif;1201;873.686928;438.686928;34.990074;44.562049;1.102023;1.273563;0.785199;0.770057;58.000000;0.619244;128.965000;125.115737;69;220
37;F-11240-x40-02.tif;544;987.102941;104.261029;24.913563;27.948758;0.985953;1.121829;0.891401;0.886715;21.000000;0.453215;82.098000;120.783088;49;214
38;F-11240-x40-02.tif;646;1022.133127;78.566563;26.668909;30.975439;0.968591;1.161481;0.860970;0.857250;17.000000;0.508657;88.673000;128.154799;39;223
39;F-11240-x40-02.tif;602;1072.059801;639.853821;24.086875;31.984272;0.986942;1.327871;0.753085;0.749262;17.000000;0.657923;86.407000;123.817276;73;206
40;F-11240-x40-02.tif;1645;1121.066261;633.845593;45.784273;53.731671;2.040220;1.173584;0.852091;0.725463;443.000000;0.523394;205.365000;139.909422;88;203
41;F-11240-x40-02.tif;339;1143.905605;670.489676;11.310593;41.454207;1.869557;3.665078;0.272845;0.251173;63.000000;0.962058;89.243000;152.182891;110;207
42;F-11240-x40-02.tif;1935;1185.614987;277.605685;46.462345;61.592646;1.596227;1.325647;0.754349;0.649432;277.000000;0.656474;197.012000;158.004651;48;228
43;F-11240-x40-02.tif;1402;1258.529244;297.133381;30.715929;59.466733;1.312763;1.936023;0.516523;0.504789;98.000000;0.856273;152.080000;169.375892;102;225
44;F-11240-x40-02.tif;327;1254.886850;424.305810;16.722728;31.806289;1.850102;1.901980;0.525768;0.411559;82.000000;0.850628;87.192000;180.941896;143;222
45;F-11240-x40-02.tif;442;1284.694570;520.239819;22.799341;26.569989;1.236052;1.165384;0.858086;0.797168;41.000000;0.513506;82.858000;163.083710;75;217
46;F-11240-x40-02.tif;1190;1312.639496;556.792437;33.968864;48.038683;1.257757;1.414198;0.707115;0.656561;114.000000;0.707099;137.144000;135.025210;88;210
47;F-11240-x40-02.tif;1048;1317.520992;34.411260;33.364183;40.459461;1.089207;1.212662;0.824632;0.815138;58.000000;0.565669;119.768000;163.969466;109;217
48;F-11240-x40-02.tif;4594;1351.102307;594.294515;65.949055;97.281530;1.587822;1.475101;0.677920;0.618074;620.000000;0.735136;302.762000;123.015455;61;218
49;F-11240-x40-02.tif;2163;1348.427647;529.153028;42.278036;68.272645;1.364912;1.614849;0.619253;0.590844;247.000000;0.785192;192.613000;129.917707;65;224
50;F-11240-x40-02.tif;484;1343.407025;490.646694;24.597827;25.448838;1.019612;1.034597;0.966560;0.951524;23.000000;0.256441;78.749000;119.772727;30;209
51;F-11240-x40-02.tif;688;1387.120640;549.867733;26.384133;33.636687;1.076096;1.274883;0.784386;0.774234;36.000000;0.620274;96.455000;130.965116;71;218
52;F-11240-x40-02.tif;663;1453.313725;99.404223;26.767628;31.672038;0.974635;1.183222;0.845150;0.841534;16.000000;0.534529;90.112000;138.775264;67;219
53;F-11240-x40-02.tif;865;1529.403468;598.376879;27.949572;39.595884;1.093860;1.416690;0.705871;0.702467;38.000000;0.708341;109.042000;152.641618;20;221
54;F-11240-x40-02.tif;1092;1551.873626;558.316850;30.178210;46.540068;1.157761;1.542175;0.648435;0.641917;68.000000;0.761270;126.045000;162.690476;118;221
55;F-11333-x40-04.tif;759;21.620553;158.059289;25.261990;38.452393;1.026612;1.522144;0.656968;0.653590;23.000000;0.753918;98.953000;182.127800;153;227
56;F-11333-x40-04.tif;1075;485.432558;750.495814;35.939069;38.183744;0.964063;1.062458;0.941214;0.938775;20.000000;0.337811;114.120000;135.505116;79;223
57;F-11333-x40-04.tif;2178;505.797980;125.944444;39.938841;74.362125;1.581783;1.861900;0.537086;0.501492;217.000000;0.843528;208.069000;178.005510;139;228
58;F-11333-x40-04.tif;1277;508.448708;564.828504;35.257195;49.516586;1.632332;1.404439;0.712028;0.663131;138.000000;0.702151;161.847000;109.948316;16;218
59;F-11333-x40-04.tif;698;586.640401;473.166189;25.813204;34.575948;0.981458;1.339468;0.746565;0.743391;17.000000;0.665312;92.783000;104.085960;8;202
60;F-11333-x40-04.tif;1347;619.824796;645.155902;40.507577;42.768650;1.044253;1.055819;0.947132;0.937620;31.000000;0.320843;132.951000;138.912398;86;218
61;F-11333-x40-04.tif;2541;647.723731;423.897285;46.197137;71.041768;1.153101;1.537796;0.650281;0.641043;138.000000;0.759693;191.885000;128.168044;77;188
62;F-11333-x40-04.tif;2042;667.987757;639.543585;40.277660;67.260186;1.219620;1.669913;0.598834;0.574711;137.000000;0.800873;176.907000;125.337414;84;226
63;F-11333-x40-04.tif;571;652.185639;361.980736;18.624326;41.764082;1.660570;2.242448;0.445941;0.416812;84.000000;0.895062;109.157000;138.085814;91;191
64;F-11333-x40-04.tif;1574;666.852605;518.651842;39.747819;50.685342;1.038033;1.275173;0.784207;0.780100;43.000000;0.620499;143.289000;149.029225;97;205
65;F-11333-x40-04.tif;1744;679.219037;461.702982;35.786119;63.484788;1.263868;1.774006;0.563696;0.550956;102.000000;0.825982;166.429000;105.030963;66;181
66;F-11333-x40-04.tif;383;675.809399;291.169713;15.157773;33.646328;1.456540;2.219741;0.450503;0.430758;50.000000;0.892775;83.727000;124.887728;94;180
67;F-11333-x40-04.tif;1277;683.849648;372.642913;30.757263;60.614217;2.278660;1.970729;0.507427;0.442539;322.000000;0.861695;191.223000;130.422866;63;198
68;F-11333-x40-04.tif;1375;692.574545;606.601455;36.645176;48.480753;1.106207;1.322978;0.755871;0.744859;80.000000;0.654721;138.253000;137.275636;96;192
69;F-11333-x40-04.tif;1362;700.313510;413.691630;35.345335;49.598988;1.096295;1.403268;0.712622;0.704923;37.000000;0.701548;136.980000;132.516887;89;199
70;F-11333-x40-04.tif;1424;714.744382;238.570927;38.651597;47.199544;1.034419;1.221154;0.818898;0.813850;51.000000;0.573940;136.053000;108.733146;82;181
71;F-11333-x40-04.tif;897;728.408027;380.284281;26.884996;44.638626;1.196428;1.660355;0.602281;0.573167;107.000000;0.798284;116.130000;144.750279;117;188
72;F-11333-x40-04.tif;1439;731.136206;448.176511;40.723091;45.049785;0.992147;1.106247;0.903958;0.902787;29.000000;0.427622;133.944000;136.927728;92;198
73;F-11333-x40-04.tif;1472;735.321332;624.539402;38.140980;49.281412;1.037262;1.292086;0.773943;0.771706;39.000000;0.633256;138.517000;132.537364;59;211
74;F-11333-x40-04.tif;1285;763.063035;487.649805;38.811990;42.247532;0.991912;1.088518;0.918681;0.916665;27.000000;0.395001;126.559000;139.487938;77;200
75;F-11333-x40-04.tif;1427;767.433076;390.809390;40.516897;45.265295;1.020231;1.117195;0.895098;0.886754;48.000000;0.445868;135.259000;132.856342;81;194
76;F-11333-x40-04.tif;1488;770.865591;325.129032;41.816546;45.682913;0.994138;1.092460;0.915365;0.907832;30.000000;0.402625;136.342000;114.636425;80;174
77;F-11333-x40-04.tif;1392;774.068247;434.849138;38.961656;45.587343;0.988995;1.170057;0.854659;0.852827;30.000000;0.519189;131.529000;145.507902;82;205
78;F-11333-x40-04.tif;1351;814.509993;434.339748;38.515865;44.727474;0.982069;1.161274;0.861123;0.859838;27.000000;0.508396;129.123000;140.511473;92;201
79;F-11333-x40-04.tif;375;848.312000;657.725333;13.780803;43.795733;2.096635;3.178025;0.314661;0.248930;121.000000;0.949204;99.399000;134.562667;98;196
80;F-11333-x40-04.tif;1467;853.351057;476.025903;42.886731;43.784625;0.996291;1.020936;0.979493;0.974310;41.000000;0.201479;135.523000;142.128834;91;213
81;F-11333-x40-04.tif;1379;861.622915;585.422770;37.853855;46.528692;1.012302;1.229167;0.813559;0.811022;38.000000;0.581482;132.447000;130.604786;85;179
82;F-11333-x40-04.tif;1208;944.163079;638.060430;36.755370;49.434889;1.858338;1.344971;0.743511;0.629376;412.000000;0.668724;167.958000;157.223510;46;201
83;F-11333-x40-04.tif;2173;952.759319;359.139899;49.220183;56.929103;1.173033;1.156621;0.864587;0.853692;95.000000;0.502483;178.974000;122.839393;80;188
84;F-11333-x40-04.tif;1160;949.469828;402.790517;36.235912;41.327102;1.067834;1.140501;0.876807;0.864765;33.000000;0.480842;124.763000;127.825000;72;180
85;F-11333-x40-04.tif;1307;982.996174;695.089518;34.302948;64.213711;2.261938;1.871959;0.534200;0.403580;478.000000;0.845358;192.745000;145.311400;15;233
86;F-11333-x40-04.tif;4433;1024.171667;625.521317;67.442221;87.174886;1.564180;1.292586;0.773643;0.742720;556.000000;0.633622;295.187000;113.028198;60;217
87;F-11333-x40-04.tif;2285;1018.867396;490.076149;34.040274;100.541233;2.236622;2.953596;0.338570;0.287811;629.000000;0.940941;253.422000;128.490153;31;192
88;F-11333-x40-04.tif;677;1018.165436;706.484490;25.387380;35.020037;1.047568;1.379427;0.724939;0.702855;9.000000;0.688813;94.404000;118.766617;65;211
89;F-11333-x40-04.tif;308;1045.035714;562.016234;17.575162;24.529651;1.332285;1.395700;0.716486;0.651746;34.000000;0.697601;71.809000;137.977273;95;203
90;F-11333-x40-04.tif;506;1189.207510;430.774704;24.535392;26.321256;0.933337;1.072787;0.932151;0.929924;8.000000;0.362069;77.037000;170.814229;132;224
91;F-11333-x40-04.tif;2834;1220.002117;634.033169;51.374184;76.733084;1.576855;1.493612;0.669518;0.612837;328.000000;0.742796;236.974000;171.419548;120;223
92;F-11333-x40-04.tif;729;1218.231824;430.818930;28.687421;32.525499;0.970476;1.133790;0.881998;0.877384;11.000000;0.471253;94.289000;174.053498;148;221
93;F-11333-x40-04.tif;660;1293.003030;660.968182;27.726619;30.697252;1.002564;1.107140;0.903228;0.891774;23.000000;0.429161;91.187000;181.310606;160;227
94;F-11183a-x40-08.tif;899;21.457175;87.423804;31.405673;37.232831;1.052490;1.185545;0.843494;0.825691;40.000000;0.537138;109.042000;146.575083;86;219
95;F-11183a-x40-08.tif;1456;34.155220;285.868819;38.630963;48.112456;1.020060;1.245438;0.802931;0.800860;34.000000;0.596073;136.615000;166.990385;117;216
96;F-11183a-x40-08.tif;563;173.623446;419.698046;25.064757;28.669690;0.939681;1.143825;0.874260;0.872113;7.000000;0.485458;81.536000;125.298401;77;208
97;F-11183a-x40-08.tif;1261;268.700238;604.342585;35.450108;46.344487;1.081866;1.307316;0.764926;0.747531;43.000000;0.644118;130.933000;130.279937;44;213
98;F-11183a-x40-08.tif;737;356.401628;478.417910;25.894739;36.782569;1.052668;1.420465;0.703995;0.693575;31.000000;0.710205;98.738000;135.369064;92;208
99;F-11183a-x40-08.tif;955;384.034555;489.468063;34.608593;35.446783;1.034384;1.024219;0.976354;0.967743;42.000000;0.216180;111.416000;146.697382;97;213
100;F-11183a-x40-08.tif;598;379.931438;229.439799;26.082212;29.325372;0.944155;1.124344;0.889408;0.885369;11.000000;0.457115;84.232000;125.110368;83;211
101;F-11183a-x40-08.tif;2513;460.026263;527.083963;52.420123;65.984222;1.482750;1.258757;0.794434;0.734890;237.000000;0.607350;216.389000;146.280939;81;216
102;F-11183a-x40-08.tif;1243;480.312148;359.012068;25.731220;66.740435;1.529550;2.593753;0.385542;0.355307;147.000000;0.922690;154.569000;167.567176;114;216
103;F-11183a-x40-08.tif;1653;479.783424;671.561404;31.424891;88.738333;2.089798;2.823823;0.354130;0.267276;488.000000;0.935196;208.350000;151.470054;91;223
104;F-11183a-x40-08.tif;799;470.224030;463.993742;29.527246;34.567411;0.961566;1.170695;0.854193;0.851380;15.000000;0.519956;98.258000;143.898623;100;216
105;F-11183a-x40-08.tif;1194;483.375209;585.587940;31.727286;50.858374;1.192926;1.602985;0.623836;0.587746;76.000000;0.781555;133.787000;150.279732;75;201
106;F-11183a-x40-08.tif;715;528.646154;589.928671;25.767609;40.310088;1.404651;1.564371;0.639235;0.560259;127.000000;0.769012;112.342000;141.215385;81;219
107;F-11183a-x40-08.tif;791;532.624526;267.213654;27.987728;36.153117;0.985578;1.291749;0.774144;0.770540;17.000000;0.633009;98.978000;139.774968;103;215
108;F-11183a-x40-08.tif;967;534.383661;696.338159;28.425597;43.493345;1.070195;1.530077;0.653562;0.650865;29.000000;0.756873;114.038000;156.036194;107;218
109;F-11183a-x40-08.tif;628;562.093949;578.482484;25.463511;33.312115;1.185591;1.308229;0.764392;0.720552;42.000000;0.644752;96.728000;135.361465;94;221
110;F-11183a-x40-08.tif;732;575.068306;616.534153;26.243473;36.081812;1.059128;1.374887;0.727332;0.715887;33.000000;0.686285;98.704000;138.500000;84;215
111;F-11183a-x40-08.tif;431;600.030162;619.995360;21.303066;26.424793;1.080951;1.240422;0.806177;0.785894;22.000000;0.591674;76.515000;178.113689;117;217
112;F-11183a-x40-08.tif;1265;631.407115;543.366008;36.893620;45.624020;1.241537;1.236637;0.808645;0.773773;120.000000;0.588297;140.485000;149.702767;103;200
113;F-11183a-x40-08.tif;936;664.976496;502.045940;33.273893;35.880647;0.962873;1.078342;0.927349;0.925690;19.000000;0.374197;106.421000;140.614316;100;191
114;F-11183a-x40-08.tif;823;697.319563;513.633050;32.212715;32.618779;0.974185;1.012606;0.987551;0.984860;22.000000;0.157298;100.375000;130.178615;88;187
115;F-11183a-x40-08.tif;876;705.900685;476.279680;31.594578;35.504051;1.017966;1.123739;0.889887;0.884827;33.000000;0.456182;105.858000;131.583333;93;195
116;F-11183a-x40-08.tif;1030;732.731068;532.176699;33.719778;38.976444;0.986302;1.155893;0.865132;0.863263;22.000000;0.501544;112.987000;139.706796;98;201
117;F-11183a-x40-08.tif;1055;736.653081;488.284360;34.278618;39.970687;1.081691;1.166053;0.857594;0.840774;43.000000;0.514327;119.752000;145.790521;106;200
118;F-11183a-x40-08.tif;1022;768.958904;550.956947;33.738683;38.750318;1.012157;1.148543;0.870669;0.866584;37.000000;0.491870;114.013000;141.942270;99;191
119;F-11183a-x40-08.tif;923;771.305525;481.399783;30.980289;38.340877;1.033073;1.237589;0.808022;0.799443;27.000000;0.589152;109.464000;147.029252;104;215
120;F-11183a-x40-08.tif;1081;777.874191;584.704903;35.161605;39.285723;0.970289;1.117290;0.895022;0.891798;25.000000;0.446021;114.807000;145.044403;88;197
121;F-11183a-x40-08.tif;909;778.458746;450.573157;31.959171;36.585135;0.994083;1.144746;0.873556;0.864698;19.000000;0.486723;106.561000;141.697470;83;190
122;F-11183a-x40-08.tif;661;786.915280;526.627837;25.895359;32.762830;0.992546;1.265201;0.790388;0.784059;16.000000;0.612606;90.799000;123.369138;90;191
123;F-11183a-x40-08.tif;949;796.807165;616.135933;33.781712;35.894630;0.967921;1.062546;0.941136;0.937815;22.000000;0.338029;107.438000;145.842993;94;204
124;F-11183a-x40-08.tif;1119;807.477212;201.913315;35.075464;40.771642;1.017578;1.162398;0.860291;0.857085;29.000000;0.509804;119.620000;158.390527;112;214
125;F-11183a-x40-08.tif;1035;812.430918;546.388406;35.285080;37.571878;1.012389;1.064809;0.939135;0.933522;30.000000;0.343547;114.749000;139.759420;106;195
126;F-11183a-x40-08.tif;1562;818.528169;462.139565;34.760152;58.067733;1.129365;1.670526;0.598614;0.589823;65.000000;0.801038;148.889000;134.018566;89;199
127;F-11183a-x40-08.tif;1127;822.299024;366.997338;33.586529;42.884080;1.001573;1.276824;0.783193;0.780264;27.000000;0.621778;119.099000;147.026619;104;189
128;F-11183a-x40-08.tif;1047;841.772684;323.924546;33.087456;40.537325;1.048204;1.225157;0.816222;0.811235;33.000000;0.577738;117.436000;142.715377;95;202
129;F-11183a-x40-08.tif;1082;850.713494;82.438078;28.957210;47.812473;1.088772;1.651142;0.605641;0.602636;39.000000;0.795738;121.671000;156.253235;105;210
130;F-11183a-x40-08.tif;1645;857.266261;448.080851;36.258794;58.221017;1.102495;1.605707;0.622778;0.617898;55.000000;0.782398;150.965000;135.314286;98;199
131;F-11183a-x40-08.tif;864;847.299769;414.415509;32.608993;33.941803;0.984293;1.040872;0.960732;0.954892;20.000000;0.277476;103.377000;134.568287;101;191
132;F-11183a-x40-08.tif;889;853.163105;381.683915;32.920454;34.640103;0.999332;1.052236;0.950357;0.943308;30.000000;0.311163;105.660000;133.889764;98;189
133;F-11183a-x40-08.tif;997;870.647944;344.653962;34.497752;37.024197;0.979654;1.073235;0.931762;0.926049;16.000000;0.363069;110.787000;140.118355;99;188
134;F-11183a-x40-08.tif;955;884.159162;423.821990;31.285225;39.271408;1.006646;1.255270;0.796641;0.788425;20.000000;0.604452;109.912000;143.190576;101;196
135;F-11183a-x40-08.tif;805;884.091925;386.475776;30.515235;33.713199;0.971355;1.104799;0.905142;0.901791;17.000000;0.425109;99.127000;133.998758;97;198
136;F-11183a-x40-08.tif;997;904.531595;346.193581;33.424884;38.216426;0.989334;1.143353;0.874621;0.869171;19.000000;0.484807;111.333000;144.410231;108;202
137;F-11183a-x40-08.tif;1186;905.930017;737.073356;34.367652;44.066454;1.013796;1.282207;0.779905;0.777640;32.000000;0.625898;122.920000;167.888702;134;213
138;F-11183a-x40-08.tif;1074;914.109870;268.910615;29.870256;46.145809;1.088532;1.544875;0.647302;0.642170;46.000000;0.762234;121.207000;162.199255;133;208
139;F-11183a-x40-08.tif;975;944.082051;722.731282;26.614904;47.467173;1.174006;1.783481;0.560701;0.550970;37.000000;0.828018;119.934000;154.572308;88;219
140;F-11183a-x40-08.tif;654;1005.496942;120.513761;23.660630;35.374452;0.999880;1.495077;0.668862;0.665439;9.000000;0.743387;90.650000;146.250765;87;223
141;F-11183a-x40-08.tif;862;1155.334107;87.581206;27.412724;40.157114;1.053170;1.464908;0.682637;0.680601;26.000000;0.730758;106.809000;149.407193;110;216
142;F-11183a-x40-08.tif;2255;1190.790687;649.526829;50.962518;65.568981;1.708299;1.286612;0.777235;0.667821;471.000000;0.629210;220.019000;122.851885;43;211
143;F-11183a-x40-08.tif;1111;1202.145815;374.438344;32.610155;43.548405;1.056452;1.335425;0.748825;0.745898;33.000000;0.662767;121.447000;162.847885;115;214
144;F-11183a-x40-08.tif;1074;1209.422719;452.001862;25.822337;53.844468;1.188342;2.085190;0.479573;0.471663;50.000000;0.877502;126.642000;157.581937;104;209
145;F-11183a-x40-08.tif;840;1221.135714;63.327381;29.872898;35.898010;0.993234;1.201692;0.832160;0.829944;16.000000;0.554535;102.393000;148.551190;108;213
146;F-11183a-x40-08.tif;1185;1233.473418;562.131646;35.188777;43.553931;1.109468;1.237722;0.807936;0.795378;50.000000;0.589271;128.535000;154.522363;108;206
147;F-11183a-x40-08.tif;650;1232.501538;435.446154;27.582210;30.290827;0.983192;1.098202;0.910580;0.901989;14.000000;0.413334;89.615000;120.113846;59;207
148;F-11183a-x40-08.tif;1123;1250.176313;185.406055;24.060575;62.548404;1.446515;2.599622;0.384671;0.365475;126.000000;0.923054;142.875000;161.426536;98;213
149;F-11183a-x40-08.tif;598;1238.892977;630.831104;25.245929;30.366124;0.955126;1.202813;0.831385;0.825720;12.000000;0.555697;84.720000;129.384615;87;216
150;F-11183a-x40-08.tif;901;1243.514983;719.025527;31.402349;36.827690;1.021517;1.172769;0.852683;0.845836;37.000000;0.522429;107.545000;151.041065;88;221
151;F-11183a-x40-08.tif;776;1297.974227;735.828608;25.500824;39.228608;1.079501;1.538327;0.650057;0.642046;27.000000;0.759886;102.600000;146.613402;94;217
152;F-11183a-x40-08.tif;1933;1322.318158;444.997413;43.924235;62.440803;1.796172;1.421557;0.703454;0.631255;251.000000;0.710741;208.879000;157.993275;91;218
153;F-11183a-x40-08.tif;933;1376.655949;350.203644;27.232401;46.110842;1.240086;1.693235;0.590586;0.558709;86.000000;0.806975;120.579000;161.286174;113;218
154;F-11183a-x40-08.tif;1476;1394.964770;612.388211;39.007811;48.524714;1.074608;1.243974;0.803875;0.798124;60.000000;0.594798;141.180000;164.008130;105;208
155;F-11183a-x40-08.tif;1110;1436.780180;735.916216;32.945880;43.520200;1.076522;1.320960;0.757025;0.746193;47.000000;0.653386;122.540000;149.868468;112;209
156;F-11183a-x40-08.tif;1131;1441.346596;467.122016;33.082673;43.789534;1.016128;1.323640;0.755493;0.750986;25.000000;0.655157;120.174000;158.175950;115;218
157;F-11183a-x40-08.tif;1134;1449.007937;265.242504;36.477497;39.667652;0.985869;1.087455;0.919578;0.917593;23.000000;0.392908;118.528000;163.082011;123;214
158;F-11183a-x40-08.tif;1059;1467.898017;721.391879;34.134508;40.865522;1.148863;1.197191;0.835289;0.807406;58.000000;0.549812;123.648000;110.549575;75;174
159;F-11183a-x40-08.tif;712;1495.237360;340.497191;28.084220;32.991437;1.080335;1.174732;0.851258;0.832890;35.000000;0.524748;98.316000;151.561798;87;220
160;F-11183a-x40-08.tif;865;1508.119075;425.252023;24.923573;44.507878;1.087269;1.785774;0.559981;0.555971;14.000000;0.828505;108.713000;154.173410;102;224
161;F-11183a-x40-08.tif;463;1515.872570;616.362851;16.183640;39.889551;1.608900;2.464807;0.405711;0.370487;93.000000;0.914001;96.752000;144.041037;21;201
162;F-11183a-x40-08.tif;1261;1542.098335;574.385408;31.031271;59.067131;1.626980;1.903471;0.525356;0.460186;157.000000;0.850883;160.566000;129.710547;76;217
163;F-11183a-x40-08.tif;709;1566.126939;328.012694;27.196913;33.488278;0.990331;1.231326;0.812132;0.804953;22.000000;0.583473;93.933000;149.090268;83;221
164;F-11069-x40-07.tif;1210;352.823967;366.924793;33.865777;45.802264;1.057927;1.352465;0.739391;0.734381;52.000000;0.673276;126.831000;156.634711;104;229
165;F-11069-x40-07.tif;1220;509.472951;433.527869;38.233358;40.858016;0.985543;1.068648;0.935761;0.930498;31.000000;0.352634;122.920000;144.327049;94;201
166;F-11069-x40-07.tif;3694;536.216026;378.989442;55.450904;90.960840;1.396839;1.640385;0.609613;0.568458;433.000000;0.792699;254.640000;152.176773;80;207
167;F-11069-x40-07.tif;1534;542.727510;312.953716;41.075926;48.212063;1.147416;1.173730;0.851984;0.840280;78.000000;0.523567;148.723000;158.275750;104;205
168;F-11069-x40-07.tif;1956;559.782209;442.751022;39.401615;65.211652;1.576061;1.655050;0.604211;0.585637;144.000000;0.796824;196.823000;157.594070;84;218
169;F-11069-x40-07.tif;1893;581.330692;361.141574;42.682428;58.549183;1.140015;1.371740;0.729001;0.703103;99.000000;0.684512;164.678000;152.426307;92;205
170;F-11069-x40-07.tif;675;581.146667;466.945185;26.937718;32.680537;1.022000;1.213189;0.824274;0.804703;13.000000;0.566191;93.107000;141.429630;94;226
171;F-11069-x40-07.tif;902;593.710643;395.684035;30.833618;39.006821;1.090960;1.265074;0.790467;0.754806;26.000000;0.612504;111.202000;145.553215;111;202
172;F-11069-x40-07.tif;1220;618.805738;526.398361;36.365184;43.144235;1.051722;1.186416;0.842875;0.834496;37.000000;0.538110;126.980000;138.283607;72;219
173;F-11069-x40-07.tif;3384;629.493794;404.963357;53.097245;85.231536;1.418943;1.605197;0.622977;0.593116;334.000000;0.782241;245.642000;138.186761;77;202
174;F-11069-x40-07.tif;1971;647.784881;451.797565;42.149578;62.085535;1.153045;1.472981;0.678895;0.651052;85.000000;0.734235;168.994000;141.959411;87;204
175;F-11069-x40-07.tif;3044;665.234231;506.123522;56.048805;75.785522;1.636385;1.352134;0.739571;0.674811;579.000000;0.673078;250.190000;143.808476;74;218
176;F-11069-x40-07.tif;4855;709.612976;450.434809;62.758803;101.105024;1.307942;1.611009;0.620729;0.604719;327.000000;0.784025;282.484000;133.734706;83;206
177;F-11069-x40-07.tif;1479;695.441515;391.768763;37.776818;51.270344;1.133200;1.357191;0.736816;0.716384;88.000000;0.676093;145.125000;145.417850;107;177
178;F-11069-x40-07.tif;3277;723.472994;256.245652;56.695074;77.040435;1.303259;1.358856;0.735913;0.702990;215.000000;0.677076;231.664000;138.820873;68;214
179;F-11069-x40-07.tif;1214;717.937397;365.930807;32.833165;47.408665;1.072408;1.443926;0.692556;0.687723;44.000000;0.721364;127.907000;134.730643;89;185
180;F-11069-x40-07.tif;1847;751.588522;317.425014;45.283507;55.193888;1.614506;1.218852;0.820444;0.771960;302.000000;0.571727;193.579000;134.895506;92;173
181;F-11069-x40-07.tif;733;740.800819;508.863574;24.480329;38.957949;1.106081;1.591398;0.628378;0.614925;27.000000;0.777908;100.937000;133.873124;47;221
182;F-11069-x40-07.tif;1373;764.910415;440.693372;34.185176;58.621800;1.681756;1.714831;0.583148;0.508701;258.000000;0.812366;170.342000;124.785142;81;176
183;F-11069-x40-07.tif;1521;770.850756;409.635108;38.645601;54.122653;1.538484;1.400487;0.714037;0.661121;205.000000;0.700107;171.481000;115.604208;87;166
184;F-11069-x40-07.tif;2901;780.183385;260.253361;60.041496;63.863373;1.200338;1.063654;0.940155;0.905637;172.000000;0.340746;209.185000;110.679076;66;197
185;F-11069-x40-07.tif;1053;799.421652;461.898386;34.623267;38.880111;0.979381;1.122947;0.890514;0.886918;17.000000;0.454957;113.840000;129.430199;78;174
186;F-11069-x40-07.tif;2044;820.328767;392.348826;49.569932;53.733234;1.231118;1.083988;0.922519;0.901374;193.000000;0.385952;177.826000;109.219667;69;166
187;F-11069-x40-07.tif;1693;826.581807;245.428825;44.304028;55.018744;1.822264;1.241845;0.805253;0.712108;347.000000;0.592931;196.897000;128.010632;73;214
188;F-11069-x40-07.tif;1296;835.104167;491.890432;37.821487;44.951788;1.168144;1.188525;0.841379;0.816622;58.000000;0.540446;137.929000;135.228395;90;221
189;F-11069-x40-07.tif;1999;846.432216;277.199600;44.757024;61.229778;1.310418;1.368048;0.730968;0.678887;203.000000;0.682411;181.433000;117.535268;77;183
190;F-11069-x40-07.tif;1507;843.644990;455.468480;36.873261;53.583133;1.182548;1.453170;0.688151;0.668293;108.000000;0.725568;149.648000;111.277372;78;171
191;F-11069-x40-07.tif;1397;851.782391;420.911238;41.472855;44.843528;1.152215;1.081274;0.924835;0.884519;57.000000;0.380369;142.223000;106.675734;63;159
192;F-11069-x40-07.tif;1462;874.018468;490.469904;42.612880;44.442294;1.096749;1.042931;0.958836;0.942464;75.000000;0.283960;141.949000;144.018468;92;216
193;F-11069-x40-07.tif;5246;918.757720;273.207205;64.497322;110.959554;1.715323;1.720375;0.581269;0.542512;602.000000;0.813712;336.273000;120.879909;55;215
194;F-11069-x40-07.tif;615;905.691057;366.588618;19.530847;47.131046;2.211526;2.413159;0.414395;0.352510;198.000000;0.910097;130.734000;142.609756;101;173
195;F-11069-x40-07.tif;1044;942.245211;319.269157;34.592890;39.358457;1.033230;1.137761;0.878919;0.858093;28.000000;0.476971;116.427000;132.599617;85;176
196;F-11069-x40-07.tif;1531;945.801437;361.323318;42.741276;46.304277;1.170460;1.083362;0.923052;0.909166;90.000000;0.384674;150.062000;140.845199;86;217
197;F-11904a-x40-06.tif;1602;419.903246;329.962547;38.424194;54.822682;1.246313;1.426775;0.700881;0.678660;91.000000;0.713278;158.398000;102.641074;8;215
198;F-11904a-x40-06.tif;1303;428.923254;796.741366;33.092901;52.316277;1.231032;1.580891;0.632555;0.606151;86.000000;0.774516;141.975000;160.975441;133;221
199;F-11904a-x40-06.tif;1645;525.181155;289.086322;36.178300;58.627030;1.093327;1.620503;0.617092;0.609369;37.000000;0.786891;150.336000;102.721581;15;217
200;F-11904a-x40-06.tif;1183;540.556213;228.770921;33.997621;44.644372;1.032004;1.313162;0.761521;0.755721;27.000000;0.648140;123.862000;156.002536;109;222
201;F-11904a-x40-06.tif;2379;576.192098;439.135351;49.145686;62.532107;1.139966;1.272382;0.785927;0.774637;109.000000;0.618319;184.607000;98.681379;68;186
202;F-11904a-x40-06.tif;2130;612.403756;400.154460;42.260755;64.580845;1.081098;1.528152;0.654385;0.650253;45.000000;0.756161;170.109000;98.088263;57;176
203;F-11904a-x40-06.tif;1237;618.410671;461.691188;39.550694;40.090590;1.011099;1.013651;0.986533;0.979930;40.000000;0.163562;125.368000;93.194826;39;235
204;F-11904a-x40-06.tif;1216;650.972862;575.919408;29.991289;54.389264;1.246205;1.813502;0.551419;0.523380;92.000000;0.834228;137.996000;153.138980;122;214
205;F-11904a-x40-06.tif;1859;661.606240;323.445401;44.863317;55.354944;1.322815;1.233858;0.810466;0.772461;174.000000;0.585785;175.790000;88.701452;48;159
206;F-11904a-x40-06.tif;1299;667.513472;806.600462;29.248718;57.177090;1.174148;1.954858;0.511546;0.505912;39.000000;0.859256;138.443000;167.409546;143;218
207;F-11904a-x40-06.tif;2459;774.638878;139.594957;26.544273;124.731285;2.189403;4.698990;0.212812;0.201242;228.000000;0.977093;260.104000;157.679545;118;224
208;F-11904a-x40-06.tif;1090;749.909174;82.700000;26.992903;52.013767;1.199979;1.926942;0.518957;0.512979;57.000000;0.854800;128.205000;159.033945;119;219
209;F-11904a-x40-06.tif;1385;766.720578;746.132852;35.008360;51.257630;1.125716;1.464154;0.682988;0.671186;47.000000;0.730429;139.973000;100.574729;13;222
210;F-11904a-x40-06.tif;1145;770.186900;708.442795;28.716006;51.212752;1.130997;1.783422;0.560720;0.555852;41.000000;0.828006;127.567000;159.175546;129;210
211;F-11904a-x40-06.tif;1692;803.665485;260.755910;40.812316;52.950119;1.026203;1.297405;0.770769;0.768381;40.000000;0.637115;147.714000;95.203901;25;195
212;F-11904a-x40-06.tif;990;799.922222;433.014141;28.544675;44.678363;1.123596;1.565208;0.638893;0.631467;40.000000;0.769296;118.230000;82.454545;25;190
213;F-11904a-x40-06.tif;766;810.872063;579.574413;28.270352;34.930464;1.008593;1.235586;0.809332;0.799337;21.000000;0.587351;98.532000;137.270235;96;214
214;F-11904a-x40-06.tif;1163;819.797936;626.705073;35.807342;41.862366;1.044724;1.169100;0.855359;0.844972;44.000000;0.518036;123.565000;95.009458;40;207
215;F-11904a-x40-06.tif;725;823.375172;550.735172;24.840663;37.454885;1.067232;1.507805;0.663216;0.658008;23.000000;0.748428;98.606000;139.762759;91;220
216;F-11904a-x40-06.tif;1581;846.636939;465.745731;37.189692;54.263113;1.044806;1.459090;0.685359;0.683648;38.000000;0.728206;144.075000;102.867173;42;224
217;F-11904a-x40-06.tif;2573;877.076564;123.348620;43.801039;84.874257;1.732794;1.937722;0.516070;0.454776;404.000000;0.856547;236.700000;168.726001;136;220
218;F-11904a-x40-06.tif;1695;899.589971;382.709735;41.396353;52.984559;1.238845;1.279933;0.781291;0.768743;118.000000;0.624167;162.442000;104.316814;43;225
219;F-11904a-x40-06.tif;1019;922.328754;437.449460;26.257125;51.953683;1.318931;1.978651;0.505395;0.480675;59.000000;0.862888;129.958000;154.374877;119;217
220;F-11904a-x40-06.tif;1141;958.346188;290.588957;38.372508;38.753695;1.082607;1.009934;0.990164;0.967319;53.000000;0.139913;124.590000;157.784400;119;212
221;F-11904a-x40-06.tif;1457;997.991764;136.567605;29.350466;64.517515;1.337787;2.198177;0.454922;0.445671;50.000000;0.890531;156.505000;169.302677;137;219
222;F-11904a-x40-06.tif;1034;987.731141;238.338491;25.887022;53.734710;1.370218;2.075739;0.481756;0.455954;73.000000;0.876305;133.432000;153.463250;103;218
223;F-11904a-x40-06.tif;2552;1008.716301;95.689263;36.220691;92.947430;1.479493;2.566142;0.389690;0.376111;240.000000;0.920946;217.822000;161.740596;115;230
224;F-11904a-x40-06.tif;848;1005.262972;325.504717;29.951706;36.184831;0.993109;1.208106;0.827742;0.824618;24.000000;0.561109;102.873000;139.594340;92;225
225;F-11904a-x40-06.tif;5057;1047.475381;637.905675;66.600621;103.515699;1.769634;1.554275;0.643387;0.600884;737.000000;0.765541;335.346000;137.682420;34;220
226;F-11904a-x40-06.tif;936;1063.354701;113.347222;26.996147;44.905230;1.123179;1.663394;0.601180;0.591006;33.000000;0.799113;114.939000;148.558761;98;216
227;F-11904a-x40-06.tif;899;1088.478309;606.659622;25.988463;44.341270;1.113224;1.706191;0.586101;0.582175;26.000000;0.810238;112.144000;151.073415;112;208
228;F-11904a-x40-06.tif;1499;1129.820547;604.600400;37.101440;53.840153;1.234233;1.451161;0.689104;0.658414;115.000000;0.724663;152.477000;114.470314;26;216
229;F-11904a-x40-06.tif;1582;1183.103034;601.124526;33.931154;61.879150;1.277541;1.823668;0.548346;0.526051;102.000000;0.836252;159.366000;86.783818;10;221
230;F-11904a-x40-06.tif;1152;1184.992188;37.509549;25.773193;58.674986;1.550727;2.276590;0.439254;0.426046;82.000000;0.898363;149.830000;159.498264;111;224
231;F-11904a-x40-06.tif;932;1181.238197;373.963519;26.729907;44.813067;1.071740;1.676514;0.596476;0.590904;27.000000;0.802631;112.036000;91.195279;16;215
232;F-11904a-x40-06.tif;1019;1248.647694;689.022571;27.416406;47.442879;1.070962;1.730456;0.577882;0.576424;22.000000;0.816120;117.106000;91.317959;18;220
233;F-11904a-x40-06.tif;1125;1270.810667;749.808000;32.404964;44.688565;1.070941;1.379065;0.725129;0.717249;46.000000;0.688613;123.045000;162.637333;141;211
234;F-11904a-x40-06.tif;1038;1287.553950;776.142582;29.386535;46.535523;1.169927;1.583566;0.631486;0.610293;60.000000;0.775387;123.533000;161.375723;112;226
235;F-11904a-x40-06.tif;1247;1340.819567;808.760225;38.758053;41.337831;1.031366;1.066561;0.937593;0.929140;51.000000;0.347735;127.129000;164.203689;130;215
236;F-11904a-x40-06.tif;1031;1364.788555;614.860330;25.028409;53.078951;1.230623;2.120748;0.471532;0.465934;34.000000;0.881849;126.269000;160.119302;114;220
237;F-11904a-x40-06.tif;1301;1396.245965;570.272867;34.654976;47.894144;1.010419;1.382028;0.723574;0.722142;29.000000;0.690246;128.527000;101.229055;42;222
238;F-11904a-x40-06.tif;496;1460.931452;805.018145;19.937617;41.827760;1.922713;2.097932;0.476660;0.360963;160.000000;0.879088;109.472000;149.211694;75;210
239;F-11904a-x40-06.tif;1745;1469.840115;470.145559;28.227850;83.025539;1.521584;2.941263;0.339990;0.322316;200.000000;0.940429;182.663000;120.626934;58;218
240;F-11904a-x40-06.tif;954;1514.040881;666.316562;31.665485;39.738061;1.223777;1.254933;0.796855;0.769210;77.000000;0.604170;121.124000;116.504193;47;199
241;F-11904a-x40-06.tif;972;1530.743827;770.463992;29.275247;44.243577;1.203416;1.511296;0.661684;0.632231;72.000000;0.749783;121.240000;154.528807;91;224
242;F-10917-x40-02.tif;1041;103.484150;588.839577;33.843951;39.243620;0.983617;1.159546;0.862406;0.860642;20.000000;0.506216;113.434000;166.429395;105;222
243;F-10917-x40-02.tif;1234;133.728525;282.114263;30.478057;52.017485;1.160962;1.706719;0.585919;0.580666;47.000000;0.810369;134.175000;174.760940;103;231
244;F-10917-x40-02.tif;1514;228.894320;430.042933;35.187866;55.718133;1.132380;1.583447;0.631533;0.620930;53.000000;0.775349;146.779000;177.128137;112;220
245;F-10917-x40-02.tif;1229;375.224573;477.124491;30.379617;53.453300;1.164973;1.759512;0.568339;0.547662;56.000000;0.822794;134.134000;178.510171;111;231
246;F-10917-x40-02.tif;847;383.892562;557.927981;24.911871;43.761707;1.118971;1.756661;0.569262;0.563125;30.000000;0.822156;109.133000;162.201889;96;218
247;F-10917-x40-02.tif;949;416.295047;392.280295;27.137505;45.529069;1.092062;1.677718;0.596048;0.582906;24.000000;0.802949;114.120000;165.641728;107;228
248;F-10917-x40-02.tif;1503;421.206919;578.696607;40.886531;47.704423;1.160022;1.166752;0.857081;0.840914;112.000000;0.515183;148.019000;169.798403;125;219
249;F-10917-x40-02.tif;1123;420.306322;363.633126;31.285616;47.494493;1.246016;1.518094;0.658721;0.633875;56.000000;0.752387;132.604000;173.612645;87;230
250;F-10917-x40-02.tif;1372;431.759475;512.329446;35.569456;50.945196;1.337378;1.432274;0.698191;0.673066;170.000000;0.715912;151.848000;173.064140;100;221
251;F-10917-x40-02.tif;484;472.774793;434.390496;19.090474;33.848383;1.287953;1.773051;0.564000;0.537873;37.000000;0.825775;88.507000;172.328512;139;207
252;F-10917-x40-02.tif;1465;491.361092;588.288737;37.548205;50.006744;1.113849;1.331801;0.750863;0.745917;69.000000;0.660458;143.198000;168.722184;114;221
253;F-10917-x40-02.tif;1987;516.796175;545.539507;46.904752;57.211275;1.583417;1.219733;0.819852;0.772938;297.000000;0.572576;198.839000;158.964268;111;212
254;F-10917-x40-02.tif;1402;569.432953;282.895863;36.565368;52.621952;1.630670;1.439120;0.694869;0.644650;229.000000;0.719136;169.497000;161.749643;117;218
255;F-10917-x40-02.tif;739;681.898512;175.776725;27.660173;34.456254;1.041203;1.245699;0.802762;0.792535;29.000000;0.596300;98.332000;159.358593;97;226
256;F-10917-x40-02.tif;1127;690.402839;571.039042;34.731418;41.967323;1.168817;1.208339;0.827582;0.814726;85.000000;0.561344;128.659000;161.621118;99;224
257;F-10917-x40-02.tif;455;708.637363;286.971429;20.597931;31.572035;1.475685;1.532777;0.652411;0.581188;82.000000;0.757866;91.856000;154.461538;114;201
258;F-10917-x40-02.tif;1381;727.834902;557.761767;38.305603;46.978899;1.133256;1.226424;0.815379;0.796706;93.000000;0.578928;140.238000;161.585807;118;220
259;F-10917-x40-02.tif;1213;756.866447;576.582028;36.690027;43.318261;1.090022;1.180655;0.846988;0.823055;68.000000;0.531613;128.900000;162.169002;105;220
260;F-10917-x40-02.tif;427;748.798595;310.681499;22.686337;24.840307;1.098161;1.094946;0.913287;0.881098;24.000000;0.407316;76.763000;159.224824;132;191
261;F-10917-x40-02.tif;1399;787.692638;318.437455;35.458396;52.888143;1.450498;1.491555;0.670441;0.636812;276.000000;0.741963;159.688000;157.330236;110;201
262;F-10917-x40-02.tif;1836;795.254357;559.568627;42.594607;56.004947;1.208673;1.314837;0.760551;0.745298;115.000000;0.649278;166.992000;153.113290;88;224
263;F-10917-x40-02.tif;766;810.639687;663.633159;22.430725;44.472759;1.216208;1.982672;0.504370;0.493118;40.000000;0.863488;108.199000;160.310705;100;227
264;F-10917-x40-02.tif;1135;830.659031;323.144493;36.400759;40.690991;1.197106;1.117861;0.894566;0.872789;112.000000;0.446937;130.668000;129.225551;82;196
265;F-10917-x40-02.tif;1417;887.189132;337.187721;37.262375;53.309909;1.718989;1.430663;0.698977;0.634840;231.000000;0.715145;174.955000;142.748059;95;207
266;F-10917-x40-02.tif;1118;917.855098;313.497317;32.671180;47.040706;1.381915;1.439823;0.694530;0.643286;127.000000;0.719464;139.337000;171.308587;113;222
267;F-10917-x40-02.tif;751;931.684421;562.605859;25.250280;46.564065;2.769926;1.844101;0.542270;0.441010;176.000000;0.840205;161.681000;170.897470;137;208
268;F-10917-x40-02.tif;2707;978.208718;591.917621;57.828166;67.210634;2.235172;1.162247;0.860402;0.762996;486.000000;0.509616;275.743000;172.562246;115;227
269;F-10917-x40-02.tif;949;1038.945205;573.014752;26.330948;49.394673;1.399832;1.875917;0.533073;0.495240;112.000000;0.846069;129.204000;171.926238;139;221
270;F-10917-x40-02.tif;1398;1095.344778;369.010730;33.203090;62.051297;1.911151;1.868841;0.535091;0.462291;303.000000;0.844794;183.234000;162.287554;117;219
271;F-10917-x40-02.tif;311;1130.848875;475.929260;16.715991;24.133458;1.088073;1.443735;0.692648;0.679879;16.000000;0.721276;65.210000;175.366559;152;203
272;F-10917-x40-02.tif;1386;1165.444444;419.122655;36.699668;49.235909;1.247565;1.341590;0.745384;0.727963;141.000000;0.666635;147.407000;157.724387;97;217
273;F-10917-x40-02.tif;1621;1227.572486;142.491055;46.082253;49.297238;1.425113;1.069766;0.934784;0.849274;204.000000;0.355218;170.381000;130.839605;88;204
274;F-10917-x40-02.tif;790;1239.873418;581.122785;22.900073;45.838062;1.257845;2.001656;0.499586;0.478723;64.000000;0.866264;111.746000;151.682278;58;219
275;F-10917-x40-02.tif;1128;1270.890957;85.081560;34.802399;47.381954;1.628448;1.361457;0.734507;0.639725;219.000000;0.678601;151.931000;156.277482;105;214
276;F-10917-x40-02.tif;410;1322.124390;17.395122;16.729210;33.504511;1.424504;2.002755;0.499312;0.465037;60.000000;0.866422;85.670000;163.024390;97;211
277;F-10917-x40-02.tif;1461;1380.748118;602.267625;32.168587;76.167282;2.643845;2.367753;0.422341;0.320644;520.000000;0.906437;220.317000;157.463381;84;223
278;F-10917-x40-02.tif;1255;1531.155378;283.364143;35.469199;45.752294;1.079926;1.289916;0.775244;0.763358;53.000000;0.631662;130.504000;156.071713;104;204
279;F-10968-x40-03.tif;822;454.375912;433.604623;28.493004;37.171395;1.012210;1.304580;0.766530;0.757468;21.000000;0.642208;102.253000;165.430657;117;222
280;F-10968-x40-03.tif;2502;469.738209;295.568745;50.138587;64.830174;1.155177;1.293020;0.773383;0.757954;134.000000;0.633938;190.578000;140.301759;90;208
281;F-10968-x40-03.tif;1808;477.978982;242.210177;42.570181;56.474113;1.188066;1.326612;0.753800;0.721788;91.000000;0.657104;164.295000;163.941925;112;218
282;F-10968-x40-03.tif;2732;497.530381;348.588580;48.668193;73.957850;1.242465;1.519634;0.658053;0.635949;183.000000;0.752972;206.532000;151.445827;97;199
283;F-10968-x40-03.tif;2012;512.112823;399.275845;46.124687;56.292559;1.174965;1.220443;0.819374;0.808418;97.000000;0.573259;172.358000;158.274851;112;215
284;F-10968-x40-03.tif;721;519.235784;298.187240;23.379012;39.457522;1.085223;1.687733;0.592511;0.589638;21.000000;0.805562;99.159000;144.382802;85;203
285;F-10968-x40-03.tif;2482;554.931104;320.051571;50.615882;64.439420;1.273333;1.273107;0.785480;0.761042;176.000000;0.618887;199.286000;148.377115;100;192
286;F-10968-x40-03.tif;1766;594.843148;354.985844;45.590206;64.681377;2.197094;1.418756;0.704843;0.537455;565.000000;0.709363;220.813000;161.403737;114;197
287;F-10968-x40-03.tif;1726;595.196987;213.294902;39.765160;57.584785;1.229149;1.448122;0.690550;0.662728;168.000000;0.723285;163.278000;159.236385;106;209
288;F-10968-x40-03.tif;2592;600.329861;298.582948;50.480871;66.182947;1.095123;1.311050;0.762747;0.753447;117.000000;0.646697;188.866000;151.064429;112;205
289;F-10968-x40-03.tif;2253;631.813138;238.977364;48.208921;59.995759;1.089858;1.244495;0.803539;0.796948;111.000000;0.595252;175.659000;165.469596;119;212
290;F-10968-x40-03.tif;857;631.494749;187.151692;32.464901;33.771857;0.989474;1.040257;0.961300;0.956712;21.000000;0.275502;103.228000;164.341890;124;225
291;F-10968-x40-03.tif;2568;657.653037;339.476246;54.483910;64.939403;1.532396;1.191901;0.838996;0.775334;409.000000;0.544137;222.376000;148.654206;83;215
292;F-10968-x40-03.tif;324;645.589506;409.780864;17.468409;34.497202;2.704287;1.974834;0.506372;0.346647;163.000000;0.862315;104.931000;184.274691;157;218
293;F-10968-x40-03.tif;725;662.533793;259.902069;25.948633;36.306425;1.082482;1.399165;0.714712;0.700295;30.000000;0.699419;99.308000;144.932414;91;215
294;F-10968-x40-03.tif;2975;727.434958;436.107563;48.530108;82.774085;1.646746;1.705623;0.586296;0.552851;370.000000;0.810097;248.120000;143.833613;105;216
295;F-10968-x40-03.tif;654;715.293578;401.616208;25.876230;32.592469;1.012494;1.259552;0.793933;0.783887;19.000000;0.608006;91.220000;145.573394;104;203
296;F-10968-x40-03.tif;1008;735.869048;332.609127;28.571086;46.333740;1.345540;1.621700;0.616637;0.597828;101.000000;0.787248;130.552000;166.606151;118;219
297;F-10968-x40-03.tif;671;750.876304;390.387481;25.831228;33.535061;1.071427;1.298237;0.770275;0.759687;18.000000;0.637712;95.049000;136.470939;96;194
298;F-10968-x40-03.tif;1643;765.861229;293.201461;37.270611;56.735408;1.097048;1.522256;0.656920;0.649889;48.000000;0.753960;150.500000;152.994522;94;198
299;F-10968-x40-03.tif;1649;770.675561;457.576713;39.111849;56.224821;1.241203;1.437539;0.695633;0.664163;120.000000;0.718397;160.375000;145.726501;84;224
300;F-10968-x40-03.tif;975;779.824615;410.821538;32.276017;39.196305;1.164647;1.214410;0.823445;0.808024;69.000000;0.567396;119.455000;152.185641;125;195
301;F-10968-x40-03.tif;841;798.273484;386.892985;27.312205;39.598050;1.043510;1.449830;0.689736;0.682902;25.000000;0.724061;105.015000;154.555291;114;205
302;F-10968-x40-03.tif;963;805.622015;472.335410;32.191636;38.994460;1.093570;1.211323;0.825544;0.806363;59.000000;0.564338;115.038000;157.062305;121;222
303;F-10968-x40-03.tif;1360;814.539706;428.707353;38.029675;46.140231;1.033758;1.213269;0.824219;0.813373;46.000000;0.566271;132.918000;143.501471;109;199
304;F-10968-x40-03.tif;1732;830.806582;266.482679;39.066332;56.709181;1.042169;1.451613;0.688889;0.685727;36.000000;0.724867;150.608000;161.861432;127;206
305;F-10968-x40-03.tif;1159;836.857636;373.853322;36.194902;40.883678;0.988991;1.129542;0.885314;0.882864;33.000000;0.464993;120.017000;164.854185;139;202
306;F-10968-x40-03.tif;1468;847.239782;477.059264;33.292460;57.127375;1.184247;1.715925;0.582776;0.572727;79.000000;0.812633;147.805000;148.114441;105;211
307;F-10968-x40-03.tif;5785;881.784615;420.337252;78.466910;100.797035;1.722024;1.284580;0.778464;0.724967;811.000000;0.627689;353.815000;163.125497;113;220
308;F-10968-x40-03.tif;718;886.515320;284.366295;24.986253;36.933012;1.064106;1.478133;0.676529;0.670201;31.000000;0.736416;97.985000;161.871866;118;230
309;F-10968-x40-03.tif;952;916.252101;472.855042;29.767586;41.726332;1.173531;1.401737;0.713400;0.696188;47.000000;0.700757;118.487000;173.404412;136;216
310;F-10968-x40-03.tif;878;1042.638952;273.793850;30.434560;37.065949;1.039756;1.217890;0.821092;0.813681;31.000000;0.570796;107.107000;170.399772;130;219
311;F-10968-x40-03.tif;2078;1339.683349;783.072666;46.676536;56.893293;1.004561;1.218884;0.820422;0.817398;41.000000;0.571758;161.963000;180.083253;146;224
312;F-11879-x40-08.tif;1940;44.330412;345.893299;37.538502;67.123234;1.253562;1.788117;0.559248;0.548234;123.000000;0.829001;174.815000;137.245361;76;208
313;F-11879-x40-08.tif;1134;176.573192;279.168430;35.432594;43.716565;1.351254;1.233795;0.810507;0.755494;106.000000;0.585729;138.765000;107.787478;76;173
314;F-11879-x40-08.tif;1403;222.380613;312.156094;33.939158;52.936370;1.069766;1.559743;0.641131;0.637470;40.000000;0.767431;137.334000;116.926586;85;204
315;F-11879-x40-08.tif;333;220.783784;273.696697;18.479772;23.429443;1.009530;1.267843;0.788741;0.772379;9.000000;0.614725;64.996000;101.549550;63;175
316;F-11879-x40-08.tif;619;236.189015;257.625202;26.116562;30.605026;1.006512;1.171863;0.853342;0.841425;22.000000;0.521351;88.483000;102.995153;59;169
317;F-11879-x40-08.tif;737;336.713704;448.442334;25.196104;37.640228;1.073387;1.493891;0.669393;0.662328;22.000000;0.742909;99.705000;145.763908;101;203
318;F-11879-x40-08.tif;1183;472.542688;221.165680;26.517271;58.309806;1.268560;2.198937;0.454765;0.443008;48.000000;0.890611;137.326000;114.911243;74;201
319;F-11879-x40-08.tif;1251;498.492406;254.254197;30.465147;52.464452;1.105859;1.722114;0.580682;0.578678;36.000000;0.814131;131.851000;108.269384;72;181
320;F-11879-x40-08.tif;1111;630.805581;302.394239;30.177862;47.195406;1.052003;1.563908;0.639424;0.635075;26.000000;0.768855;121.191000;109.187219;74;209
321;F-11879-x40-08.tif;982;667.588595;41.835031;30.109152;45.168803;1.301008;1.500169;0.666592;0.612836;116.000000;0.745423;126.707000;127.152749;74;206
322;F-11879-x40-08.tif;6002;700.002166;354.405365;74.448056;107.380315;1.460797;1.442352;0.693312;0.662761;659.000000;0.720638;331.931000;105.002999;65;195
323;F-11879-x40-08.tif;1740;703.436207;408.310920;39.411195;57.470321;1.118087;1.458223;0.685766;0.670768;81.000000;0.727822;156.357000;95.781034;73;140
324;F-11879-x40-08.tif;1616;743.327970;417.456064;36.102059;58.002830;1.131025;1.606635;0.622419;0.611580;71.000000;0.782684;151.552000;96.346535;71;152
325;F-11879-x40-08.tif;1691;800.597280;269.329391;42.307981;51.207920;1.067084;1.210361;0.826200;0.821069;56.000000;0.563377;150.583000;106.176818;76;178
326;F-11879-x40-08.tif;1011;820.132542;141.066271;34.069776;38.503034;1.124718;1.130123;0.884860;0.868303;56.000000;0.465858;119.537000;115.680514;75;205
327;F-11879-x40-08.tif;2039;831.764100;300.270721;44.049706;59.100811;1.072870;1.341685;0.745332;0.743259;59.000000;0.666694;165.801000;109.187837;83;164
328;F-11879-x40-08.tif;1651;851.542701;615.748637;29.961828;73.888355;1.477461;2.466083;0.405501;0.385039;170.000000;0.914094;175.080000;123.490006;82;205
329;F-11879-x40-08.tif;1765;854.996601;666.934844;41.529557;54.343216;1.081803;1.308543;0.764209;0.760964;62.000000;0.644969;154.900000;114.423229;89;197
330;F-11879-x40-08.tif;1655;874.054985;357.203021;37.893441;56.207331;1.134939;1.483300;0.674173;0.666994;78.000000;0.738574;153.635000;114.315408;85;200
331;F-11879-x40-08.tif;1687;889.030824;414.723177;41.555637;51.881981;1.047173;1.248494;0.800965;0.797980;52.000000;0.598712;148.995000;113.901600;79;211
332;F-11879-x40-08.tif;1616;926.729579;462.435025;36.393706;56.736027;1.083620;1.558952;0.641457;0.639195;40.000000;0.767159;148.342000;113.886757;86;197
333;F-11879-x40-08.tif;835;940.234731;152.966467;30.439182;35.345539;1.025504;1.161186;0.861189;0.850996;36.000000;0.508285;103.733000;112.779641;75;193
334;F-11879-x40-08.tif;1567;1087.437779;710.668156;35.271971;56.657195;1.059356;1.606295;0.622551;0.621540;30.000000;0.782580;144.431000;130.125080;92;210
335;F-11879-x40-08.tif;1643;1100.692635;69.564820;36.627011;57.281765;1.063558;1.563921;0.639418;0.637551;37.000000;0.768859;148.185000;126.284236;89;207
336;F-11333-x40-08.tif;1159;40.257981;490.000863;32.858470;45.801052;1.051556;1.393889;0.717417;0.703465;33.000000;0.696644;123.755000;145.493529;104;218
337;F-11333-x40-08.tif;1004;49.876494;440.986056;27.269740;47.066367;1.071812;1.725956;0.579389;0.577062;19.000000;0.815051;116.287000;128.532869;86;192
338;F-11333-x40-08.tif;1063;86.350894;598.960489;33.192622;41.196059;1.005718;1.241121;0.805723;0.797502;26.000000;0.592292;115.907000;146.458137;81;223
339;F-11333-x40-08.tif;1163;307.357696;331.269132;28.169287;52.768268;1.135262;1.873255;0.533830;0.531795;34.000000;0.845592;128.808000;132.553740;92;222
340;F-11333-x40-08.tif;1339;312.997013;259.688574;36.470950;46.889190;1.016542;1.285659;0.777811;0.775435;34.000000;0.628498;130.785000;140.730396;96;214
341;F-11333-x40-08.tif;985;323.054822;296.724873;26.851710;46.999419;1.090628;1.750332;0.571320;0.567756;24.000000;0.820727;116.188000;130.743147;70;200
342;F-11333-x40-08.tif;972;347.520576;230.108025;32.135319;38.657941;0.991994;1.202974;0.831273;0.828131;21.000000;0.555864;110.076000;128.316872;79;215
343;F-11333-x40-08.tif;1438;390.726008;295.372045;32.332204;56.767531;1.099134;1.755758;0.569555;0.568158;32.000000;0.821954;140.932000;147.764256;97;221
344;F-11333-x40-08.tif;1219;434.240361;697.603774;32.631361;47.873840;1.077130;1.467111;0.681612;0.677201;42.000000;0.731714;128.452000;142.723544;77;202
345;F-11333-x40-08.tif;1307;448.395562;778.401683;34.662113;48.388887;1.041558;1.396017;0.716324;0.710713;36.000000;0.697768;130.793000;150.756695;93;223
346;F-11333-x40-08.tif;953;516.492130;376.291710;29.245374;42.909232;1.091446;1.467214;0.681564;0.659024;32.000000;0.731759;114.328000;116.414481;86;203
347;F-11333-x40-08.tif;1490;532.413423;748.146309;41.809362;45.537405;1.006819;1.089168;0.918132;0.914871;40.000000;0.396274;137.301000;147.100000;96;201
348;F-11333-x40-08.tif;1015;532.990148;400.005911;32.004447;40.857215;1.043090;1.276611;0.783324;0.774174;33.000000;0.621613;115.345000;118.551724;79;215
349;F-11333-x40-08.tif;1016;566.298228;365.628937;31.282547;41.467969;1.010024;1.325594;0.754379;0.752278;23.000000;0.656440;113.558000;123.142717;58;225
350;F-11333-x40-08.tif;1418;580.035966;658.004231;41.408541;43.777239;0.986185;1.057203;0.945892;0.942084;35.000000;0.324482;132.563000;142.894922;105;197
351;F-11333-x40-08.tif;1268;633.913249;141.108833;33.080168;49.238709;1.091728;1.488466;0.671833;0.665911;48.000000;0.740703;131.893000;134.541009;88;202
352;F-11333-x40-08.tif;1066;667.743902;245.579737;33.678026;40.541137;1.005884;1.203786;0.830712;0.825801;25.000000;0.556702;116.080000;136.297373;89;199
353;F-11333-x40-08.tif;1274;671.978022;278.496075;32.341205;50.564182;1.070826;1.563460;0.639607;0.634444;30.000000;0.768702;130.933000;142.492151;89;212
354;F-11333-x40-08.tif;908;682.310573;70.563877;32.211884;37.050492;1.165322;1.150212;0.869405;0.842186;47.000000;0.494100;115.311000;110.876652;78;198
355;F-11333-x40-08.tif;939;692.126731;494.740149;31.606467;38.018668;0.978684;1.202876;0.831341;0.827145;20.000000;0.555763;107.463000;135.993610;95;220
356;F-11333-x40-08.tif;1144;723.236888;291.515734;28.279387;51.822308;1.096891;1.832512;0.545699;0.542379;21.000000;0.837981;125.574000;143.777972;99;210
357;F-11333-x40-08.tif;746;747.432976;490.695710;25.992913;36.689287;0.993276;1.411511;0.708461;0.705619;13.000000;0.705750;96.496000;126.168901;71;222
358;F-11333-x40-08.tif;1173;755.906223;156.318841;38.436213;38.917714;0.954426;1.012527;0.987628;0.986083;13.000000;0.156817;118.611000;142.128730;101;210
359;F-11333-x40-08.tif;1051;764.975262;419.130352;30.590161;44.243779;1.053072;1.446340;0.691400;0.683610;48.000000;0.722472;117.933000;130.969553;81;211
360;F-11333-x40-08.tif;1070;765.486916;308.286916;31.830326;42.959115;1.008279;1.349629;0.740945;0.738216;23.000000;0.671566;116.436000;136.296262;84;220
361;F-11333-x40-08.tif;822;769.962287;392.355231;27.698049;38.336487;1.024522;1.384086;0.722498;0.712127;30.000000;0.691373;102.873000;118.330900;80;212
362;F-11333-x40-08.tif;1053;780.013295;447.777778;31.702032;42.801516;1.028345;1.350119;0.740675;0.731847;38.000000;0.671863;116.651000;138.895537;86;212
363;F-11333-x40-08.tif;2058;823.427114;81.130224;35.845261;74.198673;1.227396;2.069972;0.483098;0.475952;87.000000;0.875566;178.164000;137.207969;92;208
364;F-11333-x40-08.tif;1246;819.222311;235.069823;36.172728;44.030225;1.008429;1.217222;0.821543;0.818326;31.000000;0.570146;125.657000;142.844302;86;203
365;F-11333-x40-08.tif;1944;823.375514;150.222222;39.249987;64.836080;1.195284;1.651875;0.605373;0.588807;103.000000;0.795942;170.879000;135.743313;92;213
366;F-11333-x40-08.tif;1169;826.033362;40.052181;37.871260;39.730787;0.981740;1.049101;0.953197;0.942910;21.000000;0.302351;120.091000;143.118050;104;210
367;F-11333-x40-08.tif;1381;865.725561;114.205648;38.755920;45.451731;0.992617;1.172769;0.852683;0.851144;23.000000;0.522429;131.248000;151.761043;109;209
368;F-11333-x40-08.tif;1168;873.469178;479.093322;33.928060;44.053379;1.003407;1.298435;0.770158;0.766292;24.000000;0.637853;121.357000;139.391267;97;210
369;F-11333-x40-08.tif;1269;886.471237;149.977935;36.098598;44.953249;1.014411;1.245291;0.803025;0.799557;30.000000;0.595945;127.187000;135.688731;97;186
370;F-11333-x40-08.tif;1223;889.795585;446.361406;36.168438;43.261145;0.994000;1.196102;0.836049;0.832033;29.000000;0.548655;123.598000;139.291087;88;204
371;F-11333-x40-08.tif;1246;896.936597;56.818620;36.585406;43.912594;1.033136;1.200276;0.833142;0.822716;39.000000;0.553060;127.187000;134.260032;100;199
372;F-11333-x40-08.tif;1083;906.078486;384.856879;30.710493;45.463162;1.042544;1.480379;0.675503;0.667144;36.000000;0.737357;119.115000;133.382271;86;218
373;F-11333-x40-08.tif;1499;915.241494;93.683122;37.628365;50.970707;1.036912;1.354582;0.738235;0.734633;41.000000;0.674544;139.758000;149.717812;113;199
374;F-11333-x40-08.tif;1027;912.321324;412.867575;30.760085;43.138058;1.060969;1.402404;0.713061;0.702683;37.000000;0.701102;117.015000;139.627069;91;215
375;F-11333-x40-08.tif;964;930.529046;452.816390;33.392510;37.028419;0.983613;1.108884;0.901808;0.895193;24.000000;0.432138;109.158000;136.596473;89;217
376;F-11333-x40-08.tif;732;930.101093;148.103825;24.698931;38.157977;1.048532;1.544924;0.647281;0.640104;21.000000;0.762252;98.209000;124.737705;75;220
377;F-11333-x40-08.tif;861;945.756098;584.909408;27.487710;40.786661;1.084177;1.483814;0.673939;0.658987;50.000000;0.738787;108.307000;124.730546;53;221
378;F-11333-x40-08.tif;766;950.054830;398.921671;26.533598;36.860372;1.003665;1.389196;0.719841;0.717826;16.000000;0.694139;98.291000;120.241514;75;224
379;F-11333-x40-08.tif;1120;967.685714;564.915179;29.492582;48.977271;1.103791;1.660664;0.602169;0.594482;48.000000;0.798369;124.640000;134.895536;87;209
380;F-11333-x40-08.tif;1066;966.832083;101.029081;32.055433;42.891046;1.038976;1.338027;0.747369;0.737792;38.000000;0.664409;117.974000;141.853659;93;206
381;F-11333-x40-08.tif;1188;970.320707;70.108586;34.689170;44.667107;1.131288;1.287638;0.776616;0.758143;77.000000;0.629975;129.957000;141.708754;97;213
382;F-11333-x40-08.tif;907;971.511577;134.953693;30.751730;38.207290;1.025261;1.242444;0.804866;0.791088;25.000000;0.593457;108.100000;126.289967;86;223
383;F-11333-x40-08.tif;789;974.354880;461.717364;23.966592;42.409346;1.138535;1.769519;0.565125;0.558552;30.000000;0.825005;106.247000;128.797212;67;217
384;F-11333-x40-08.tif;907;985.092613;357.274531;32.685557;35.968425;1.011498;1.100438;0.908729;0.892636;28.000000;0.417386;107.372000;133.812569;71;223
385;F-11333-x40-08.tif;1107;1010.559169;454.174345;29.570119;47.981890;1.109651;1.622648;0.616277;0.612214;42.000000;0.787530;124.243000;112.813008;16;211
386;F-11333-x40-08.tif;1101;1014.361490;98.626703;35.199000;39.984848;1.001161;1.135965;0.880308;0.876812;25.000000;0.474402;117.693000;130.936421;83;219
387;F-11333-x40-08.tif;1096;1049.646898;474.946168;35.035330;40.000884;0.984496;1.141730;0.875864;0.872131;23.000000;0.482558;116.444000;140.070255;82;210
388;F-11333-x40-08.tif;751;1064.607190;25.909454;29.470095;32.521564;0.961811;1.103545;0.906171;0.904081;15.000000;0.422912;95.273000;120.656458;55;218
389;F-11333-x40-08.tif;1415;1088.727915;461.706714;39.871562;45.282136;0.988023;1.135700;0.880514;0.878644;25.000000;0.474020;132.546000;145.088339;93;211
390;F-11333-x40-08.tif;612;1085.297386;286.408497;24.258948;32.409858;0.980118;1.335996;0.748505;0.741835;10.000000;0.663129;86.820000;117.782680;63;211
391;F-11333-x40-08.tif;1316;1125.461246;321.199088;37.201413;45.143030;0.989660;1.213476;0.824079;0.822213;22.000000;0.566475;127.931000;143.841945;90;212
392;F-11333-x40-08.tif;1061;1128.330820;286.773798;33.495180;40.555174;0.986858;1.210776;0.825916;0.821359;17.000000;0.563793;114.707000;134.524034;93;213
393;F-11333-x40-08.tif;1271;1151.970889;352.975610;37.065866;43.717502;0.969179;1.179454;0.847850;0.846730;19.000000;0.530237;124.417000;140.943352;86;204
394;F-11333-x40-08.tif;903;1194.047619;356.687708;27.930900;41.260860;1.009102;1.477248;0.676934;0.675338;16.000000;0.736043;107.008000;127.580288;86;221
395;F-11333-x40-08.tif;697;1193.549498;451.939742;23.498134;38.488101;1.164755;1.637922;0.610530;0.599087;37.000000;0.791993;101.004000;119.770445;61;225
396;F-11333-x40-08.tif;1262;1204.808241;321.349445;34.015495;47.470160;1.028009;1.395545;0.716566;0.713063;25.000000;0.697519;127.683000;143.649762;95;208
397;F-11333-x40-08.tif;763;1217.385321;614.887287;25.388968;38.825440;1.050813;1.529225;0.653926;0.644469;23.000000;0.756558;100.376000;114.440367;63;226
398;F-11333-x40-08.tif;1173;1310.669224;255.959932;29.319441;51.311818;1.108452;1.750095;0.571397;0.567248;36.000000;0.820673;127.824000;135.817562;91;221
399;F-11333-x40-08.tif;1095;1327.406393;521.303196;35.565412;39.339107;0.997755;1.106106;0.904073;0.900897;30.000000;0.427379;117.172000;125.194521;90;209
400;F-11333-x40-08.tif;1106;1398.930380;223.006329;28.560876;49.473471;1.085518;1.732211;0.577297;0.575335;26.000000;0.816534;122.829000;140.114828;101;215
401;F-11333-x40-08.tif;831;1403.622142;260.558363;25.124108;42.390368;1.076459;1.687239;0.592684;0.588812;21.000000;0.805435;106.024000;122.577617;79;221
402;F-11333-x40-08.tif;877;1417.273660;158.654504;31.404781;35.668667;0.972500;1.135772;0.880458;0.877679;19.000000;0.474123;103.526000;130.253136;92;221
403;F-11333-x40-08.tif;715;1490.864336;300.027972;27.306153;33.549308;0.982878;1.228635;0.813911;0.808815;18.000000;0.580989;93.974000;124.759441;85;216
404;F-11333-x40-08.tif;1247;1513.786688;228.622294;32.462329;49.282966;1.062458;1.518159;0.658693;0.653707;39.000000;0.752412;129.031000;150.000000;85;218
